{"providers":[
{"type":"bitmap","file":"minecraft:font/broofscaled.png","ascent":50,"height":100,"chars":["\ueff1"]},
{"type":"bitmap","file":"minecraft:font/leave.png","ascent":12,"height":54,"chars":["\ueff2"]},
{"type":"bitmap","file":"minecraft:font/transparentflash.png","ascent":500,"height":1000,"chars":["\ueff3"]},
{"type":"bitmap","file":"minecraft:font/whiteflash.png","ascent":500,"height":1000,"chars":["\ueff4"]},
{"type":"bitmap","file":"minecraft:font/mega_smoke.png","ascent":100,"height":200,"chars":["\ueff5"]},
{"type":"bitmap","file":"minecraft:font/dem_laser.png","ascent":1998,"height":2000,"chars":["\ueff6"]},
{"type":"bitmap","file":"minecraft:font/flare.png","ascent":165,"height":320,"chars":["\ueef0"]},
{"type":"bitmap","file":"minecraft:font/red_flare.png","ascent":165,"height":320,"chars":["\ueef1"]},
{"type":"bitmap","file":"minecraft:font/circle_flare.png","ascent":600,"height":1200,"chars":["\ueef2"]},
{"type":"bitmap","file":"minecraft:font/whiteflash.png","ascent":38,"height":40,"chars":["\ueef3"]},
{"type":"bitmap","file":"minecraft:font/light_ray.png","ascent":110,"height":110,"chars":["\ueef4"]},
{"type":"bitmap","file":"minecraft:font/whiteflash.png","ascent":18,"height":40,"chars":["\ueef5"]},
{"type":"bitmap","file":"minecraft:font/wide_flare.png","ascent":19,"height":40,"chars":["\ueef6"]},
{"type":"bitmap","file":"minecraft:font/multi_flare.png","ascent":19,"height":40,"chars":["\ueef7"]},
{"type":"bitmap","file":"minecraft:font/whiteflash.png","ascent":8,"height":10,"chars":["\ueef8"]},
{"type":"bitmap","file":"minecraft:font/accretiondisk.png","ascent":4,"height":12,"chars":["\ueef9"]},
{"type":"bitmap","file":"minecraft:font/schadel.png","ascent":9,"height":11,"chars":["\ueefa"]},
{"type":"bitmap","file":"minecraft:font/oldsk.png","ascent":9,"height":11,"chars":["\ueefb"]},
{"type":"bitmap","file":"minecraft:font/koponya.png","ascent":9,"height":11,"chars":["\ueefc"]},

{"type":"bitmap","ascent":1100,"height":2200,"chars":["\ueed0"],"file":"minecraft:font/dem/disc/1.png"},
{"type":"bitmap","ascent":1100,"height":2200,"chars":["\ueed1"],"file":"minecraft:font/dem/disc/2.png"},
{"type":"bitmap","ascent":1100,"height":2200,"chars":["\ueed2"],"file":"minecraft:font/dem/disc/3.png"},
{"type":"bitmap","ascent":1100,"height":2200,"chars":["\ueed3"],"file":"minecraft:font/dem/disc/4.png"},
{"type":"bitmap","ascent":1100,"height":2200,"chars":["\ueed4"],"file":"minecraft:font/dem/disc/5.png"},
{"type":"bitmap","ascent":1100,"height":2200,"chars":["\ueed5"],"file":"minecraft:font/dem/disc/1_flipped.png"},
{"type":"bitmap","ascent":1100,"height":2200,"chars":["\ueed6"],"file":"minecraft:font/dem/disc/2_flipped.png"},
{"type":"bitmap","ascent":1100,"height":2200,"chars":["\ueed7"],"file":"minecraft:font/dem/disc/3_flipped.png"},
{"type":"bitmap","ascent":1100,"height":2200,"chars":["\ueed8"],"file":"minecraft:font/dem/disc/4_flipped.png"},
{"type":"bitmap","ascent":1100,"height":2200,"chars":["\ueed9"],"file":"minecraft:font/dem/disc/5_flipped.png"},
{"type":"bitmap","ascent":59,"height":118,"chars":["\ueeda"],"file":"minecraft:font/white_circle.png"},
{"type":"bitmap","ascent":59,"height":118,"chars":["\ueedb"],"file":"minecraft:font/dem/fluctuation.png"},
{"type":"bitmap","ascent":500,"height":1000,"chars":["\ueedc"],"file":"minecraft:font/dem/fire.png"},
{"type":"bitmap","ascent":500,"height":1000,"chars":["\ueedd"],"file":"minecraft:font/dem/line_flare.png"},
{"type":"bitmap","ascent":250,"height":500,"chars":["\ueedf"],"file":"minecraft:font/dem/radial_flare.png"},

{"type":"bitmap","ascent":391,"height":391,"chars":["\uee00"],"file":"minecraft:font/dem/middle/su.png"},
{"type":"bitmap","ascent":391,"height":391,"chars":["\uee01"],"file":"minecraft:font/dem/middle/su_beam.png"},
{"type":"bitmap","ascent":391,"height":391,"chars":["\uee02"],"file":"minecraft:font/dem/middle/su_coils.png"},
{"type":"bitmap","ascent":391,"height":391,"chars":["\uee03"],"file":"minecraft:font/dem/middle/su_chamber.png"},
{"type":"bitmap","ascent":391,"height":391,"chars":["\uee04"],"file":"minecraft:font/dem/middle/su_caps_l.png"},
{"type":"bitmap","ascent":391,"height":391,"chars":["\uee05"],"file":"minecraft:font/dem/middle/su_caps_r.png"},

{"type":"bitmap","ascent":391,"height":391,"chars":["\uee10"],"file":"minecraft:font/dem/middle/eu.png"},
{"type":"bitmap","ascent":391,"height":391,"chars":["\uee11"],"file":"minecraft:font/dem/middle/eu_beam.png"},
{"type":"bitmap","ascent":391,"height":391,"chars":["\uee12"],"file":"minecraft:font/dem/middle/eu_coils.png"},
{"type":"bitmap","ascent":391,"height":391,"chars":["\uee13"],"file":"minecraft:font/dem/middle/eu_chamber.png"},
{"type":"bitmap","ascent":391,"height":391,"chars":["\uee14"],"file":"minecraft:font/dem/middle/eu_caps_l.png"},
{"type":"bitmap","ascent":391,"height":391,"chars":["\uee15"],"file":"minecraft:font/dem/middle/eu_caps_r.png"},

{"type":"bitmap","ascent":391,"height":391,"chars":["\uee20"],"file":"minecraft:font/dem/middle/nu.png"},
{"type":"bitmap","ascent":391,"height":391,"chars":["\uee21"],"file":"minecraft:font/dem/middle/nu_beam.png"},
{"type":"bitmap","ascent":391,"height":391,"chars":["\uee22"],"file":"minecraft:font/dem/middle/nu_coils.png"},
{"type":"bitmap","ascent":391,"height":391,"chars":["\uee23"],"file":"minecraft:font/dem/middle/nu_chamber.png"},
{"type":"bitmap","ascent":391,"height":391,"chars":["\uee24"],"file":"minecraft:font/dem/middle/nu_caps_l.png"},
{"type":"bitmap","ascent":391,"height":391,"chars":["\uee25"],"file":"minecraft:font/dem/middle/nu_caps_r.png"},

{"type":"bitmap","ascent":391,"height":391,"chars":["\uee30"],"file":"minecraft:font/dem/middle/wu.png"},
{"type":"bitmap","ascent":391,"height":391,"chars":["\uee31"],"file":"minecraft:font/dem/middle/wu_beam.png"},
{"type":"bitmap","ascent":391,"height":391,"chars":["\uee32"],"file":"minecraft:font/dem/middle/wu_coils.png"},
{"type":"bitmap","ascent":391,"height":391,"chars":["\uee33"],"file":"minecraft:font/dem/middle/wu_chamber.png"},
{"type":"bitmap","ascent":391,"height":391,"chars":["\uee34"],"file":"minecraft:font/dem/middle/wu_caps_l.png"},
{"type":"bitmap","ascent":391,"height":391,"chars":["\uee35"],"file":"minecraft:font/dem/middle/wu_caps_r.png"},


{"type":"bitmap","ascent":391,"height":391,"chars":["\uee40"],"file":"minecraft:font/dem/middle/sd.png"},
{"type":"bitmap","ascent":391,"height":391,"chars":["\uee41"],"file":"minecraft:font/dem/middle/sd_beam.png"},
{"type":"bitmap","ascent":391,"height":391,"chars":["\uee42"],"file":"minecraft:font/dem/middle/sd_coils.png"},
{"type":"bitmap","ascent":391,"height":391,"chars":["\uee43"],"file":"minecraft:font/dem/middle/sd_chamber.png"},
{"type":"bitmap","ascent":391,"height":391,"chars":["\uee44"],"file":"minecraft:font/dem/middle/sd_caps_l.png"},
{"type":"bitmap","ascent":391,"height":391,"chars":["\uee45"],"file":"minecraft:font/dem/middle/sd_caps_r.png"},

{"type":"bitmap","ascent":391,"height":391,"chars":["\uee50"],"file":"minecraft:font/dem/middle/ed.png"},
{"type":"bitmap","ascent":391,"height":391,"chars":["\uee51"],"file":"minecraft:font/dem/middle/ed_beam.png"},
{"type":"bitmap","ascent":391,"height":391,"chars":["\uee52"],"file":"minecraft:font/dem/middle/ed_coils.png"},
{"type":"bitmap","ascent":391,"height":391,"chars":["\uee53"],"file":"minecraft:font/dem/middle/ed_chamber.png"},
{"type":"bitmap","ascent":391,"height":391,"chars":["\uee54"],"file":"minecraft:font/dem/middle/ed_caps_l.png"},
{"type":"bitmap","ascent":391,"height":391,"chars":["\uee55"],"file":"minecraft:font/dem/middle/ed_caps_r.png"},

{"type":"bitmap","ascent":391,"height":391,"chars":["\uee60"],"file":"minecraft:font/dem/middle/nd.png"},
{"type":"bitmap","ascent":391,"height":391,"chars":["\uee61"],"file":"minecraft:font/dem/middle/nd_beam.png"},
{"type":"bitmap","ascent":391,"height":391,"chars":["\uee62"],"file":"minecraft:font/dem/middle/nd_coils.png"},
{"type":"bitmap","ascent":391,"height":391,"chars":["\uee63"],"file":"minecraft:font/dem/middle/nd_chamber.png"},
{"type":"bitmap","ascent":391,"height":391,"chars":["\uee64"],"file":"minecraft:font/dem/middle/nd_caps_l.png"},
{"type":"bitmap","ascent":391,"height":391,"chars":["\uee65"],"file":"minecraft:font/dem/middle/nd_caps_r.png"},

{"type":"bitmap","ascent":391,"height":391,"chars":["\uee70"],"file":"minecraft:font/dem/middle/wd.png"},
{"type":"bitmap","ascent":391,"height":391,"chars":["\uee71"],"file":"minecraft:font/dem/middle/wd_beam.png"},
{"type":"bitmap","ascent":391,"height":391,"chars":["\uee72"],"file":"minecraft:font/dem/middle/wd_coils.png"},
{"type":"bitmap","ascent":391,"height":391,"chars":["\uee73"],"file":"minecraft:font/dem/middle/wd_chamber.png"},
{"type":"bitmap","ascent":391,"height":391,"chars":["\uee74"],"file":"minecraft:font/dem/middle/wd_caps_l.png"},
{"type":"bitmap","ascent":391,"height":391,"chars":["\uee75"],"file":"minecraft:font/dem/middle/wd_caps_r.png"},

{"type":"bitmap","ascent":391,"height":391,"chars":["\uee80"],"file":"minecraft:font/dem/middle/gfs_u.png"},
{"type":"bitmap","ascent":391,"height":391,"chars":["\uee81"],"file":"minecraft:font/dem/middle/gfs_u_comp_s.png"},
{"type":"bitmap","ascent":391,"height":391,"chars":["\uee82"],"file":"minecraft:font/dem/middle/gfs_u_comp_e.png"},
{"type":"bitmap","ascent":391,"height":391,"chars":["\uee83"],"file":"minecraft:font/dem/middle/gfs_u_comp_n.png"},
{"type":"bitmap","ascent":391,"height":391,"chars":["\uee84"],"file":"minecraft:font/dem/middle/gfs_u_comp_w.png"},

{"type":"bitmap","ascent":391,"height":391,"chars":["\uee90"],"file":"minecraft:font/dem/middle/gfs_d.png"},
{"type":"bitmap","ascent":391,"height":391,"chars":["\uee91"],"file":"minecraft:font/dem/middle/gfs_d_comp_s.png"},
{"type":"bitmap","ascent":391,"height":391,"chars":["\uee92"],"file":"minecraft:font/dem/middle/gfs_d_comp_e.png"},
{"type":"bitmap","ascent":391,"height":391,"chars":["\uee93"],"file":"minecraft:font/dem/middle/gfs_d_comp_n.png"},
{"type":"bitmap","ascent":391,"height":391,"chars":["\uee94"],"file":"minecraft:font/dem/middle/gfs_d_comp_w.png"},

{"type":"bitmap","ascent":391,"height":391,"chars":["\ueea0"],"file":"minecraft:font/dem/middle/ring.png"},
{"type":"bitmap","ascent":391,"height":391,"chars":["\ueea1"],"file":"minecraft:font/dem/middle/disc.png"},
{"type":"bitmap","ascent":391,"height":391,"chars":["\ueea2"],"file":"minecraft:font/dem/middle/background.png"},
{"type":"bitmap","ascent":391,"height":391,"chars":["\ueea3"],"file":"minecraft:font/dem/middle/heat_sink_se.png"},
{"type":"bitmap","ascent":391,"height":391,"chars":["\ueea4"],"file":"minecraft:font/dem/middle/heat_sink_sw.png"},
{"type":"bitmap","ascent":391,"height":391,"chars":["\ueea5"],"file":"minecraft:font/dem/middle/heat_sink_ne.png"},
{"type":"bitmap","ascent":391,"height":391,"chars":["\ueea6"],"file":"minecraft:font/dem/middle/heat_sink_nw.png"},

{"type":"bitmap","ascent":391,"height":391,"chars":["\ueeb0"],"file":"minecraft:font/dem/left/background.png"},
{"type":"bitmap","ascent":391,"height":391,"chars":["\ueeb1"],"file":"minecraft:font/dem/left/bsod.png"},
{"type":"bitmap","ascent":391,"height":391,"chars":["\ueeb2"],"file":"minecraft:font/dem/middle/bsod.png"},
{"type":"bitmap","ascent":7,"height":40,"chars":["\ueeb3"],"file":"minecraft:font/dem/bsod.png"},

{"type":"bitmap","ascent":391,"height":391,"chars":["\ueec0"],"file":"minecraft:font/dem/right/background.png"},
{"type":"bitmap","ascent":17,"height":38,"chars":["\ueec1"],"file":"minecraft:font/dem/right/rotor.png"},

{"type":"bitmap","ascent":7,"height":40,"chars":["\ueee0"],"file":"minecraft:font/dem/dem_os_0.png"},
{"type":"bitmap","ascent":7,"height":40,"chars":["\ueee1"],"file":"minecraft:font/dem/dem_os_1.png"},
{"type":"bitmap","ascent":7,"height":40,"chars":["\ueee2"],"file":"minecraft:font/dem/dem_os_2.png"},
{"type":"bitmap","ascent":7,"height":40,"chars":["\ueee3"],"file":"minecraft:font/dem/dem_os_3.png"},
{"type":"bitmap","ascent":7,"height":40,"chars":["\ueee4"],"file":"minecraft:font/dem/dem_os_4.png"},
{"type":"bitmap","ascent":7,"height":40,"chars":["\ueee5"],"file":"minecraft:font/dem/dem_os_5.png"},
{"type":"bitmap","ascent":7,"height":40,"chars":["\ueee6"],"file":"minecraft:font/dem/dem_os_6.png"},
{"type":"bitmap","ascent":7,"height":40,"chars":["\ueee7"],"file":"minecraft:font/dem/dem_os_7.png"},
{"type":"bitmap","ascent":7,"height":40,"chars":["\ueee8"],"file":"minecraft:font/dem/dem_os_8.png"},
{"type":"bitmap","ascent":7,"height":40,"chars":["\ueee9"],"file":"minecraft:font/dem/dem_os_9.png"},
{"type":"bitmap","ascent":7,"height":40,"chars":["\ueeea"],"file":"minecraft:font/dem/dem_os_a.png"},
{"type":"bitmap","ascent":7,"height":40,"chars":["\ueeeb"],"file":"minecraft:font/dem/dem_os_b.png"},
{"type":"bitmap","ascent":7,"height":40,"chars":["\ueeec"],"file":"minecraft:font/dem/dem_os_c.png"},
{"type":"bitmap","ascent":7,"height":40,"chars":["\ueeed"],"file":"minecraft:font/dem/dem_os_d.png"},
{"type":"bitmap","ascent":7,"height":40,"chars":["\ueeee"],"file":"minecraft:font/dem/dem_os_e.png"},
{"type":"bitmap","ascent":7,"height":40,"chars":["\ueeef"],"file":"minecraft:font/dem/dem_os_f.png"},

{"type":"bitmap","ascent":-30,"height":20,"chars":["\uef00\uef01\uef02\uef03\uef04\uef05\uef06\uef07\uef08\uef09\uef0a"],"file":"minecraft:font/terf_ui.png"}
]}