{
  "multipart": [
    {
      "apply": {
        "model": "defile:block/funeral_ink_side"
      },
      "when": {
        "north": "true"
      }
    },
    {
      "apply": {
        "model": "defile:block/funeral_ink_side",
        "y": 90
      },
      "when": {
        "east": "true"
      }
    },
    {
      "apply": {
        "model": "defile:block/funeral_ink_side",
        "y": 180
      },
      "when": {
        "south": "true"
      }
    },
    {
      "apply": {
        "model": "defile:block/funeral_ink_side",
        "y": 270
      },
      "when": {
        "west": "true"
      }
    },
    {
      "apply": {
        "model": "defile:block/funeral_ink_up"
      },
      "when": {
        "up": "true"
      }
    },
    {
      "apply": {
        "model": "defile:block/funeral_ink_down"
      },
      "when": {
        "down": "true"
      }
    }
  ]
}