{
	"credit": "Made with Blockbench",
	"ambientocclusion": false,
	"textures": {
		"2": "defile:block/funeral_ink_dripping",
		"particle": "defile:block/funeral_ink",
		"funeral_ink": "defile:block/funeral_ink"
	},
	"elements": [
		{
			"from": [-0.11, -7.01, -0.11],
			"to": [16.11, 0.11, 16.11],
			"rotation": {"angle": 0, "axis": "x", "origin": [0, 0, 16]},
			"faces": {
				"north": {"uv": [0, 0, 16, 7.1], "texture": "#2"},
				"east": {"uv": [0, 0, 16, 7.1], "texture": "#2"},
				"south": {"uv": [0, 0, 16, 7.1], "texture": "#2"},
				"west": {"uv": [0, 0, 16, 7.1], "texture": "#2"},
				"up": {"uv": [0, 0, 16, 16], "texture": "#funeral_ink"}
			}
		},
		{
			"from": [-0.1, 0.1, -0.1],
			"to": [16.1, 0.1, 16.1],
			"rotation": {"angle": 0, "axis": "x", "origin": [0, 0, 16]},
			"faces": {
				"down": {"uv": [0, 0, 16, 16], "texture": "#funeral_ink"}
			}
		}
	]
}