{
	"entity.ink.explode": {
		"sounds": [
			"defile:entity/ink_explode"
		]
	},
	"entity.ink.dive": {
		"sounds": [
			"defile:entity/ink_dive"
		]
	},
	"entity.ink.rise": {
		"sounds": [
			"defile:entity/ink_rise"
		]
	},
	"item.totem_of_uncleansing.use": {
		"sounds": [
			"defile:item/use_totem_of_uncleansing"
		],
		"subtitle": "subtitles.item.totem.use"
	},
	"weather.black_rain.thunder": {
		"sounds": [
			"defile:weather/black_thunder_1",
			"defile:weather/black_thunder_2",
			"defile:weather/black_thunder_3"
		],
		"subtitle": "subtitles.entity.lightning_bolt.thunder"
	},
	"weather.black_rain": {
		"sounds": [
			"defile:weather/black_rain"
		]
	},
	"weather.eclipse": {
		"sounds": [
			"defile:weather/eclipse"
		]
	}
}
