{
    "stfr":{
        "type":"David",
        "talk_speed":175,
        "delay_interval":0.02,
        "delay_feedback":0.7,
        "reverb_room_size":0.8,
        "reverb_width":1.0,
        "reverb_damping":0.5,
        "after_delay":3000,
        "pre_delay":0,

        "voicelines":{
            "econtrols.surge_prime.ogg":"Fusion Reactor Emergency Power Surge Activation Primed! Awaiting control room activation confirmation!",
            "econtrols.surge_confirm.ogg":"Emergency power surge activation confirmed! Power surge will commince in T minus 30 seconds unless aborted!",
            "econtrols.surge_15s.ogg":"Fusion reactor emergency power surge activation will commince in 15 seconds! Evacuate the core chamber immediately!",
            "econtrols.surge_charging.ogg":"Charging stabilizer internal capacitors for power surge. Power output may fluctuate!",
            "econtrols.surge_activated.ogg":"Fusion reactor emergency power surge activated! Extreme core chamber radiation hazard!",
            "econtrols.surge_abort_manual.ogg":"The fusion reactor power surge activation has been manually aborted!",
            "econtrols.surge_abort_auto.ogg":"The fusion reactor power surge activation has been automatically aborted!",
            
            "econtrols.radsurge_detected.ogg":"Stabilizer D power cycle overload detected!",

            "start.prime.ogg":"Fusion reactor startup sequence primed, awaiting breaker activation.",
            "start.confirm.ogg":"Reactor startup sequence confirmed, please evacuate the reactor chamber in case of a potential startup failure!",
            "start.breakers.ogg":"Circuit breakers engaged, awaiting control room system startup confirmation.",
            "start.breakers_fail.ogg":"Circuit breakers disengaged, please re-engage system breakers to continue reactor startup.",
            "start.abort_manual.ogg":"The fusion reactor startup sequence has been manually aborted.",
            "start.abort_auto.ogg":"The fusion reactor startup sequence has been automatically aborted due to timeout.",

            "starting.systemson.ogg":"Reactor systems online, no errors detected.",
            "starting.systemserror.ogg":"Reactor systems online, some systems may require maintenance.",
            "starting.shield.ogg":"Forming reactor core shield.",
            "starting.injecting.ogg":"Reactor shield formed, injecting fuel into reactor core.",
            "starting.firinglasers.ogg":"Firing power lasers for reactor ignition.",
            "starting.complete.ogg":"Reactor startup sequence complete, stabilized thermonuclear fusion reactor is now, online.",

            "shutdown.prime.ogg":"Fusion reactor shutdown initiated.",
            "shutdown.abort_manual.ogg":"The fusion reactor shutdown sequence has been manually aborted.",
            "shutdown.abort_auto.ogg":"Cannot continue fusion reactor shutdown sequence: Shield stress too high!",
            "shutdown.stabilizing.ogg":"Stabilizing reactor shield.",
            "shutdown.cooling.ogg":"Cooling inner core to safe temperatures.",
            "shutdown.stopping_shield.ogg":"Shutting down reactor shield",
            "shutdown.breakers.ogg":"Disconnecting system breakers.",
            "shutdown.vacuuming.ogg":"Vacuuming reactor containment vessel to recover remaining fuel.",
            "shutdown.complete.ogg":"Fusion reactor shutdown sequence complete!",

            "stasis.start.ogg":"Stasis laser activated!",
            "stasis.success.ogg":"The fusion reactor core has been restabilized succesfully! Please shut down the fusion reactor for immediate repairs.",
            "stasis.fail.ogg":"Reactor restabilization failure! Please evacuate the facility immediately!",

            "reaction_loss.collapse.ogg":"FUSION REACTOR SHIELD COLLAPSE DETECTED!",
            "reaction_loss.instability.ogg":"EXTREME CORE INSTABILITY! Systems predict a high energy explosion in T minus 30 Seconds!",
            "reaction_loss.stabilizer_fail.ogg":"Reactor stabilizer rotor failure detected! Calculating currently avaliable options.",
            "reaction_loss.restab_options.ogg":"Action Found! Glowstone blocks near the ends of the stabilizers have been exahusted due to extreme temperature conditions! Replace the now cold glowstone blocks in at least 5 stabilizers immediately!",
            "reaction_loss.restab_start.ogg":"Fusion reactor re-ignition protocol initiated!",
            "reaction_loss.restab_firing.ogg":"Firing power and stabilization lasers at 5000000% to re-stabilize reactor core. Brace for impact!",
            "reaction_loss.restab_complete.ogg":"Fusion reactor re-ignition protocol completed!",
            
            "underload.system_damage.ogg":"Major system damage! Unable to retreive reactor core vitals.",
            "underload.stabilization_failure.ogg":"Complete stabilization failure! Cannot confirm reactor core offline state.",
            "underload.connecting_backup_systems.ogg":"Attempting to connect backup systems, Standby.",
            "underload.backup_systems_online.ogg":"Backup systems online!",
            "underload.scanning.ogg":"Scanning reactor core to confirm offline state.",
            "underload.no_match.ogg":"Cannot confirm reactor core offline state: No match found in database.",
            "underload.field_increasing.ogg":"Core magnetic field rapidly increasing! Monitoring.",
            "underload.evacuate.ogg":"Extreme structural stress, A complete reactor structural failure may occour! Evacuate the facility immediately.",
            "underload.structural_failure.ogg":"COMPLETE REACTOR STRUCTURAL FAILURE DETECTEDDDDDD! A HIGH ENERGY EXPLOSION WILL OCCOUR IN tttttT minus 60 SECONDS! SEEK SHELTER IMMEDIATELY!",

            "sculk.system_damage.ogg":"Major system damage! Unable to retreive reactor core vitals.",
            "sculk.viscosity_rising.ogg":"Fuel viscosity rising, Raising stabilizer rotor speed to compensate.",
            "sculk.fuel_leak.ogg":"A major fuel leak has been detected! Please shut down the reactor immediately!",
            "sculk.stabilization_failure.ogg":"Complete stabilization failure! Evacuate the facility immediately!",

            "overload.restab_options.ogg":"Restabilization options found, Stasis laser activation, Replace 4 stabilizer lenses with amethyst blocks, then confirming via the startup shutdown trigger button.",
            "overload.stress.ogg":"Extreme superstructure stress detected! A total case fracture may occur!",
            "overload.case_fracture.ogg":"Total case fracture! Reactor chamber plasma concentration rising!",
            "overload.low_mssr.ogg":"REACTOR MAGNETIC SHIELD COMPROMISED! CORE EXPLOSION IMMINENT!",

            "manual_restab.start.ogg":"REACTOR MAGNETIC SHIELD COMPROMISED! CORE EXPLOSION IMMINENT!",
            "manual_restab.confirm.ogg":"Fusion reactor restabilization confirmed. Commincing a reactor power surge for auxilary field compression.",
            "manual_restab.attempt_aux_shield.ogg":"Attempting to form auxilary containment shield!",
            "manual_restab.aux_shield_formed.ogg":"Auxilary containment shield formed! Please attempt the following tasks before the auxilary shield collapses:",

            "manual_restab.fail.ogg":"Manual reactor restabilization failure! Please activate the stasis laser immediately!.",
            "manual_restab.restabilize.ogg":"The fusion reactor core has been restabilized succesfully! Please shut down the fusion reactor for immediate repairs.",
            "manual_restab.disconnect_panel.ogg":"Current objective: Disconnect control panel via mainframe to bypass security measures.",
            "manual_restab.breakers.ogg":"Current objective: Engage reactor breakers.",
            "manual_restab.reconnect_panel.ogg":"Current objective: Reconnect reactor control panel via mainframe.",
            "manual_restab.replace_lenses.ogg":"Current objective: Replace amethyst lenses in reactor stabilizers back to redstone lamps.",
            "manual_restab.sstb.ogg":"Current objective: Have at least 2 stabilizers functional, then confirm reactor restabilization by pressing SSTB",
            "manual_restab.fail_in_2m.ogg":"Time until auxilary shield failure is: T minus 2 minutes!",
            "manual_restab.fail_in_60s.ogg":"Time until auxilary shield failure is: T minus 60 seconds!",
            "manual_restab.fail_in_30s.ogg":"Time until auxilary shield failure is: T minus 30 seconds!",
            "manual_restab.fail_in_10s.ogg":"Time until auxilary shield failure is: T minus 10, 9, 8, 7, 6, 5, 4, 3, 2, 1!",

            "startup_overload.start.ogg":"Fusion reactor startup sequence failure! CODE: core_stats_outside_set_args",
            "startup_overload.restabilize.ogg":"The fusion reactor core has been restabilized succesfully!",
            "startup_overload.restab_start.ogg":"Fusion reactor core startup overload restabilization protocol has been initiated!",
            "startup_overload.options.ogg":"SHIELD CREATION FAILURE! CORE DETONATION IMMINENT! Calculating avaliable options. To restabilize the reactor: Connect up at least 4 stabilizers to the power grid and give each AT LEAST 100MW, DO NOT connect the stabilizers that are connected to the cooling system, this would halt power generation. DO NOT connect the stabilizers to thebreakers output, in the current mode the stabilizers need alternating current.",
            "startup_overload.output_stable.ogg":"Reactor power output stable, begin restabilization protocol immediately.",
            "startup_overload.detonation_5.5m.ogg":"REACTOR DETONATION IN T minus 5 point 5 MINUTES.",
            "startup_overload.detonation_5m.ogg":"REACTOR DETONATION IN T minus 5 MINUTES",
            "startup_overload.detonation_4.5m.ogg":"REACTOR DETONATION IN T minus 4 point 5 MINUTES",
            "startup_overload.detonation_4m.ogg":"REACTOR DETONATION IN T minus 4 MINUTES",
            "startup_overload.detonation_3m.ogg":"REACTOR DETONATION IN T minus 3 MINUTES",
            "startup_overload.detonation_2.5m.ogg":"REACTOR DETONATION IN T minus 2 point 5 MINUTES",
            "startup_overload.detonation_60s.ogg":"REACTOR DETONATION IN T minus 60 SECONDS",
            "startup_overload.detonation_30s.ogg":"REACTOR DETONATION IN T minus 30 SECONDS",
            "startup_overload.stab1_connected.ogg":"Stabilizer U, connected.",
            "startup_overload.stab1_disconnected.ogg":"Stabilizer U, disconnected.",
            "startup_overload.stab2_connected.ogg":"Stabilizer S, connected.",
            "startup_overload.stab2_disconnected.ogg":"Stabilizer S, disconnected.",
            "startup_overload.stab3_connected.ogg":"Stabilizer E, connected.",
            "startup_overload.stab3_disconnected.ogg":"Stabilizer E, disconnected.",
            "startup_overload.stab4_connected.ogg":"Stabilizer N, connected.",
            "startup_overload.stab4_disconnected.ogg":"Stabilizer N, disconnected.",
            "startup_overload.stab5_connected.ogg":"Stabilizer W, connected.",
            "startup_overload.stab5_disconnected.ogg":"Stabilizer W, disconnected.",
            "startup_overload.stab6_connected.ogg":"Stabilizer D, connected.",
            "startup_overload.stab6_disconnected.ogg":"Stabilizer D, disconnected.",

            "meltdown.fail.ogg":"COMPLETE REACTOR STRUCTURAL FAILURE DETECTED! A HIGH ENERGY EXPLOSION WILL OCCOUR IN tttttT minus 60 SECONDS! SEEK SHELTRORORORORORORORORORORORORORORORORORORORORORORORORORORORORORORORORORORO IMMEDIATELY",

            "test.nggyu.ogg":"We're no strangers to love You know the rules and so do I A full commitment's what I'm thinkin' of You wouldn't get this from any other guy I just wanna tell you how I'm feeling Gotta make you understand Never gonna give you up Never gonna let you down Never gonna run around and desert you Never gonna make you cry Never gonna say goodbye Never gonna tell a lie and hurt you We've known each other for so long Your heart's been aching, but you're too shy to say it Inside, we both know what's been going on We know the game and we're gonna play it And if you ask me how I'm feeling Don't tell me you're too blind to see Never gonna give you up Never gonna let you down Never gonna run around and desert you Never gonna make you cry Never gonna say goodbye Never gonna tell a lie and hurt you Never gonna give you up Never gonna let you down Never gonna run around and desert you Never gonna make you cry Never gonna say goodbye Never gonna tell a lie and hurt you We've known each other for so long Your heart's been aching, but you're too shy to say it Inside, we both know what's been going on We know the game and we're gonna play it I just wanna tell you how I'm feeling Gotta make you understand Never gonna give you up Never gonna let you down Never gonna run around and desert you Never gonna make you cry Never gonna say goodbye Never gonna tell a lie and hurt you Never gonna give you up Never gonna let you down Never gonna run around and desert you Never gonna make you cry Never gonna say goodbye Never gonna tell a lie and hurt you Never gonna give you up Never gonna let you down Never gonna run around and desert you Never gonna make you cry Never gonna say goodbye Never gonna tell a lie and hurt you",

            "bct.low_core_spin.ogg":"Fusion reactor core spin levels are below recommended safe parameters!",
            "bct.high_core_spin.ogg":"Fusion reactor core spin exceeding recommended safe parameters! Shield stress rising exponentially!",
            "bct.high_temp.ogg":"Fusion reactor core temperatures exceeding recommended safe parameters!",
            "bct.low_temp.ogg":"Fusion reactor core temperature drop critical! Re-heat the reactor core immediately!",
            "bct.low_temp_crit.ogg":"Fusion reactor shield rigidity lost due to extremely low pressure forces! Shield stress rising exponentially!",
            "bct.fuel_crit.ogg":"Fusion reactor core fuel levels critical! Below 500 millibuckets. Core reactivity dropping rapidly!",
            "bct.low_fuel.ogg":"Fusion reactor core fuel levels low! Below 700 millibuckets. Increase fuel injection immediately!",
            "bct.low_coolant.ogg":"Fusion reactor coolant amount Low! Lower heat transfer immediately!",
            "bct.crit_coolant.ogg":"Fusion reactor coolant amount critical! Case temperature may rise uncontrollably!",
            "bct.high_pressure.ogg":"Fusion reactor core pressure levels exceeding recommended safe parameters!",
            "bct.integrity_crit.ogg":"Fusion reactor shield integrity critical! SHIELD FAILURE IMMINENT!",
            "bct.integrity_25.ogg":"Fusion reactor shield integrity at 25%!",
            "bct.integrity_50.ogg":"Fusion reactor shield integrity at 50%!",
            "bct.integrity_75.ogg":"Fusion reactor shield integrity at 75%!",
            "bct.case_pressure_high.ogg":"Fusion reactor case pressures exceeding Recommended safe parameters!",
            "bct.case_pressure_crit.ogg":"Fusion reactor case pressure critical! Case failure imminent!",
            "bct.case_temp_high.ogg":"Fusion reactor case temperatures exceeding recommended safe parameters!",
            "bct.case_temp_crit.ogg":"Fusion reactor case temperature critical! Case degradation imminent!",
            "bct.shield_stress_crit.ogg":"Fusion reactor shield stress critical! Shield integrity degradation detected!",
            "bct.shield_stress_high.ogg":"Fusion reactor shield stress high! Above 85%!",
            "bct.ratio_low.ogg":"Fusion reactor pressure to temperature ratio is very low and causing significant shield stress! Above 20%!",
            "bct.no_outtake.ogg":"Fusion reactor steam outtake buffer full! This could be caused by too much heat tranfer rate or a pipe fault.",
            "bct.no_intake.ogg":"Rapid coolant level drop detected! This could be caused by a pipe fault.",
            "bct.case_breach.ogg":"Fusion reactor case breach detected!",
            "bct.case_restore.ogg":"Fusion reactor case restored!",
            "bct.stab1_breach.ogg":"Fusion reactor stabilizer U, damage detected!",
            "bct.stab1_restore.ogg":"Fusion reactor stabilizer U, restored!",
            "bct.stab2_breach.ogg":"Fusion reactor stabilizer S, damage detected!",
            "bct.stab2_restore.ogg":"Fusion reactor stabilizer S, restored!",
            "bct.stab3_breach.ogg":"Fusion reactor stabilizer E, damage detected!",
            "bct.stab3_restore.ogg":"Fusion reactor stabilizer E, restored!",
            "bct.stab4_breach.ogg":"Fusion reactor stabilizer N, damage detected!",
            "bct.stab4_restore.ogg":"Fusion reactor stabilizer N, restored!",
            "bct.stab5_breach.ogg":"Fusion reactor stabilizer W, damage detected!",
            "bct.stab5_restore.ogg":"Fusion reactor stabilizer W, restored!",
            "bct.stab6_breach.ogg":"Fusion reactor stabilizer D, damage detected!",
            "bct.stab6_restore.ogg":"Fusion reactor stabilizer D, restored!",
            
            "maintenance.stab1_require.ogg":"Fusion reactor stabilizer U, requires maintenance!",
            "maintenance.stab1_fix.ogg":"Fusion reactor stabilizer U, maintenance repaired!",
            "maintenance.stab2_require.ogg":"Fusion reactor stabilizer S, requires maintenance!",
            "maintenance.stab2_fix.ogg":"Fusion reactor stabilizer S, maintenance repaired!",
            "maintenance.stab3_require.ogg":"Fusion reactor stabilizer E, requires maintenance!",
            "maintenance.stab3_fix.ogg":"Fusion reactor stabilizer E, maintenance repaired!",
            "maintenance.stab4_require.ogg":"Fusion reactor stabilizer N, requires maintenance!",
            "maintenance.stab4_fix.ogg":"Fusion reactor stabilizer N, maintenance repaired!",
            "maintenance.stab5_require.ogg":"Fusion reactor stabilizer W, requires maintenance!",
            "maintenance.stab5_fix.ogg":"Fusion reactor stabilizer W, maintenance repaired!",
            "maintenance.stab6_require.ogg":"Fusion reactor stabilizer D, requires maintenance!",
            "maintenance.stab6_fix.ogg":"Fusion reactor stabilizer D, maintenance repaired!",
            "maintenance.case_fix.ogg":"Fusion reactor case maintenance repaired!",
            "maintenance.case_require.ogg":"Fusion reactor case requires maintenance!"
        }
    }
}